slug,title,author,date,content
welcome,"Welcome to CardRewards Hub - Your Ultimate Guide to Maximizing Credit Card Benefits","Sarah Johnson","2024-12-01","<h2>Unlock the Full Potential of Your Credit Cards</h2>

<p>Welcome to CardRewards Hub, where we transform the complex world of credit card rewards into actionable strategies that put more money back in your pocket. Whether you're a beginner looking to understand the basics or a seasoned rewards enthusiast seeking advanced optimization techniques, you've found your home base.</p>

<h2>What Makes Us Different</h2>

<p>In an industry flooded with generic advice and affiliate-driven recommendations, we take a <strong>data-driven approach</strong> to credit card rewards. Our team analyzes spending patterns, reward structures, and market trends to deliver insights that actually matter to your financial goals.</p>

<blockquote>""The average American leaves over $1,200 in credit card rewards on the table each year simply by not optimizing their card usage.""</blockquote>

<h2>Our Core Focus Areas</h2>

<h3>Strategic Card Selection</h3>
<p>Not all credit cards are created equal. We help you identify cards that align with your specific spending habits, from everyday purchases to major travel expenses.</p>

<h3>Reward Maximization</h3>
<p>Learn advanced techniques like category rotation, bonus multipliers, and strategic timing to multiply your rewards earnings without changing your spending habits.</p>

<h3>Points and Miles Optimization</h3>
<p>Discover how to transfer points between programs, find sweet spots in award charts, and book premium travel experiences for a fraction of the retail cost.</p>

<h2>Start Your Journey</h2>

<p>Browse our latest articles to begin maximizing your credit card benefits today. From beginner guides to expert strategies, we're here to help you make every purchase count.</p>"
best-cashback-cards-2024,"The Ultimate Guide to Best Cashback Credit Cards in 2024","Michael Chen","2024-11-28","<h2>Top Cashback Cards That Actually Deliver</h2>

<p>Cashback credit cards remain the most straightforward way to earn rewards on your everyday spending. Unlike complex points programs, cashback offers immediate, tangible value that's easy to understand and use.</p>

<h2>Our Top Picks for 2024</h2>

<h3>Best Overall: Citi Double Cash Card</h3>
<p>The <strong>Citi Double Cash Card</strong> continues to dominate with its simple 2% cashback structure - 1% when you buy, 1% when you pay. No categories to track, no caps to worry about.</p>

<ul>
<li>2% cashback on all purchases</li>
<li>No annual fee</li>
<li>0% intro APR for 18 months on balance transfers</li>
</ul>

<h3>Best for Rotating Categories: Chase Freedom Flex</h3>
<p>For those willing to pay attention to quarterly categories, the Chase Freedom Flex offers exceptional value with 5% cashback on rotating categories.</p>

<ul>
<li>5% on rotating quarterly categories (up to $1,500 per quarter)</li>
<li>5% on travel through Chase Ultimate Rewards</li>
<li>3% on dining and drugstores</li>
<li>1% on all other purchases</li>
</ul>

<h2>Maximizing Your Cashback Strategy</h2>

<p>The key to maximizing cashback isn't just choosing the right card - it's using multiple cards strategically:</p>

<h3>The Three-Card Strategy</h3>
<ol>
<li><strong>Flat-rate card</strong> for general spending (2% everywhere)</li>
<li><strong>Category card</strong> for bonus categories (5% rotating or fixed)</li>
<li><strong>Specialized card</strong> for your highest spending category</li>
</ol>

<blockquote>""A well-executed three-card strategy can average 3-4% cashback across all spending categories.""</blockquote>

<h2>Common Cashback Mistakes to Avoid</h2>

<p>Many cardholders leave money on the table by making these common errors:</p>

<ul>
<li><strong>Ignoring category caps:</strong> Once you hit the quarterly limit, switch to your flat-rate card</li>
<li><strong>Forgetting to activate:</strong> Many cards require quarterly activation for bonus categories</li>
<li><strong>Not optimizing payment timing:</strong> Some cards offer bonuses when you pay your bill</li>
</ul>

<h2>Advanced Cashback Techniques</h2>

<h3>Gift Card Arbitrage</h3>
<p>During bonus quarters, consider purchasing gift cards for stores you frequent. This locks in the 5% rate for future purchases.</p>

<h3>Bill Pay Optimization</h3>
<p>Use cashback cards for recurring bills, utilities, and subscriptions to ensure consistent returns on necessary expenses.</p>"
travel-rewards-beginner-guide,"Travel Rewards for Beginners: Your First Steps to Free Flights","Emma Rodriguez","2024-11-25","<h2>Breaking Into the World of Travel Rewards</h2>

<p>Travel rewards can seem intimidating at first glance, with complex airline alliances, hotel loyalty programs, and transferable points systems. But the reality is that anyone can start earning free flights and hotel stays with the right approach.</p>

<h2>Understanding the Basics</h2>

<h3>Types of Travel Rewards</h3>
<p>There are three main types of travel rewards to understand:</p>

<ul>
<li><strong>Airline Miles:</strong> Specific to one airline or alliance</li>
<li><strong>Hotel Points:</strong> Redeemable at specific hotel chains</li>
<li><strong>Flexible Points:</strong> Can transfer to multiple airlines and hotels</li>
</ul>

<h3>Which Type Should You Choose?</h3>
<p>For beginners, we recommend starting with <strong>flexible points programs</strong> like Chase Ultimate Rewards or American Express Membership Rewards. These programs offer the most options and forgiveness for mistakes.</p>

<h2>Your First Travel Rewards Card</h2>

<h3>Chase Sapphire Preferred - The Gold Standard</h3>
<p>The Chase Sapphire Preferred remains our top recommendation for beginners:</p>

<ul>
<li>60,000 point welcome bonus (worth $750+ in travel)</li>
<li>2x points on travel and dining</li>
<li>Points transfer to 14 airline and hotel partners</li>
<li>25% bonus when booking through Chase Travel</li>
</ul>

<blockquote>""The Chase Sapphire Preferred has introduced more people to travel rewards than any other credit card.""</blockquote>

<h2>Earning Your First Free Trip</h2>

<h3>The Welcome Bonus Strategy</h3>
<p>The fastest way to earn a free trip is through welcome bonuses. Here's a typical timeline:</p>

<ol>
<li><strong>Month 1-3:</strong> Meet minimum spending requirement</li>
<li><strong>Month 4:</strong> Receive welcome bonus</li>
<li><strong>Month 5:</strong> Book your first award trip</li>
</ol>

<h3>Meeting Minimum Spending Requirements</h3>
<p>Common strategies to meet spending requirements naturally:</p>

<ul>
<li>Time your application with large purchases (appliances, furniture)</li>
<li>Pay quarterly taxes or insurance premiums</li>
<li>Prepay utilities and subscriptions</li>
<li>Use for everyday expenses (groceries, gas, dining)</li>
</ul>

<h2>Booking Your First Award Trip</h2>

<h3>Sweet Spots for Beginners</h3>
<p>These award redemptions offer excellent value and availability:</p>

<ul>
<li><strong>Domestic flights:</strong> 12,500-25,000 points each way</li>
<li><strong>Europe flights:</strong> 30,000-60,000 points each way</li>
<li><strong>Hotel stays:</strong> 8,000-15,000 points per night</li>
</ul>

<h2>Common Beginner Mistakes</h2>

<p>Avoid these pitfalls that can derail your travel rewards journey:</p>

<h3>The Credit Score Trap</h3>
<p>Only apply for cards when your credit score is 700+. Multiple rejections can damage your score and future applications.</p>

<h3>Overspending for Rewards</h3>
<p>Never spend money you wouldn't normally spend just to earn rewards. The interest charges will quickly outweigh any benefits.</p>

<h3>Analysis Paralysis</h3>
<p>Don't get overwhelmed researching the ""perfect"" redemption. Book reasonable value awards and enjoy the experience."
credit-card-churning-guide,"Advanced Credit Card Churning: Maximize Welcome Bonuses Safely","David Kim","2024-11-22","<h2>The Art and Science of Credit Card Churning</h2>

<p>Credit card churning - the practice of systematically applying for credit cards to earn welcome bonuses - can generate thousands of dollars in travel rewards annually. However, it requires discipline, organization, and a deep understanding of the rules.</p>

<h2>What is Credit Card Churning?</h2>

<p>Churning involves opening multiple credit cards strategically to earn welcome bonuses, then either keeping the cards long-term or closing them after extracting maximum value. The goal is to accumulate large quantities of points and miles for premium travel experiences.</p>

<blockquote>""Advanced churners can earn 500,000+ points per year, enabling multiple international trips in premium cabins.""</blockquote>

<h2>Prerequisites for Successful Churning</h2>

<h3>Credit Score Requirements</h3>
<p>Successful churning requires excellent credit:</p>
<ul>
<li><strong>Minimum:</strong> 720+ FICO score</li>
<li><strong>Optimal:</strong> 750+ FICO score</li>
<li><strong>Elite:</strong> 800+ FICO score</li>
</ul>

<h3>Financial Discipline</h3>
<p>You must have the discipline to:</p>
<ul>
<li>Never carry a balance (pay in full every month)</li>
<li>Track multiple cards and spending requirements</li>
<li>Resist overspending temptations</li>
<li>Maintain detailed records</li>
</ul>

<h2>Understanding Bank Rules</h2>

<h3>Chase 5/24 Rule</h3>
<p>Chase automatically denies applications if you've opened 5+ cards in the past 24 months. This makes Chase cards a priority for new churners.</p>

<h3>American Express Once-Per-Lifetime Rule</h3>
<p>Amex welcome bonuses are typically available once per lifetime per card product. Plan your applications carefully.</p>

<h3>Citi 24-Month Rule</h3>
<p>Citi requires 24 months between earning bonuses on the same card family.</p>

<h2>The Churning Calendar</h2>

<h3>Year 1: Foundation Building</h3>
<p>Focus on Chase cards while under 5/24:</p>
<ol>
<li>Chase Sapphire Preferred or Reserve</li>
<li>Chase Ink Business Preferred</li>
<li>Chase Freedom Flex and Unlimited</li>
<li>Chase United or Southwest cards</li>
</ol>

<h3>Year 2: Diversification</h3>
<p>Branch out to other issuers:</p>
<ul>
<li>American Express personal and business cards</li>
<li>Capital One Venture cards</li>
<li>Bank of America premium cards</li>
<li>Barclays airline cards</li>
</ul>

<h2>Advanced Churning Strategies</h2>

<h3>Business Card Advantage</h3>
<p>Business cards often don't count toward personal card limits and offer similar bonuses with less competition.</p>

<h3>Player 2 Strategy</h3>
<p>Coordinate with a spouse or partner to double your earning potential while sharing the same travel goals.</p>

<h3>Manufactured Spending</h3>
<p><em>Advanced technique:</em> Using tools like gift cards and money orders to meet spending requirements without actual spending.</p>

<h2>Organization and Tracking</h2>

<h3>Essential Tracking Elements</h3>
<ul>
<li>Application dates and minimum spend deadlines</li>
<li>Annual fee dates and retention offers</li>
<li>Points earning and redemption history</li>
<li>Credit utilization across all cards</li>
</ul>

<h3>Recommended Tools</h3>
<ul>
<li><strong>Spreadsheets:</strong> Custom tracking for all card details</li>
<li><strong>Award Wallet:</strong> Points balance tracking</li>
<li><strong>Calendar apps:</strong> Important date reminders</li>
</ul>

<h2>Risk Management</h2>

<h3>Financial Risks</h3>
<ul>
<li>Overspending to meet requirements</li>
<li>Missing payment due dates</li>
<li>High utilization affecting credit score</li>
<li>Annual fees exceeding benefits</li>
</ul>

<h3>Mitigation Strategies</h3>
<ul>
<li>Set up automatic payments</li>
<li>Use calendar reminders</li>
<li>Calculate value before applying</li>
<li>Maintain emergency fund</li>
</ul>"
hotel-loyalty-programs,"Hotel Loyalty Programs: Which Chain Offers the Best Value?","Lisa Thompson","2024-11-19","<h2>Navigating the Hotel Loyalty Landscape</h2>

<p>Hotel loyalty programs have evolved dramatically in recent years, with major chains restructuring their programs to focus on revenue-based earning rather than simple night-based accumulation. Understanding these changes is crucial for maximizing your hotel rewards.</p>

<h2>Major Hotel Loyalty Programs Compared</h2>

<h3>Marriott Bonvoy - The Behemoth</h3>
<p>With over 7,000 properties worldwide, Marriott Bonvoy offers the largest selection but can be challenging to navigate:</p>

<ul>
<li><strong>Earning Rate:</strong> 10 points per $1 spent</li>
<li><strong>Elite Benefits:</strong> Room upgrades, late checkout, bonus points</li>
<li><strong>Sweet Spots:</strong> Category 1-4 properties offer good value</li>
<li><strong>Challenges:</strong> Award pricing can be inconsistent</li>
</ul>

<h3>Hilton Honors - The Point Generous</h3>
<p>Hilton offers generous point earning but requires more points for redemptions:</p>

<ul>
<li><strong>Earning Rate:</strong> 10 points per $1 spent</li>
<li><strong>Elite Benefits:</strong> Excellent breakfast benefits and room upgrades</li>
<li><strong>Sweet Spots:</strong> Extended stay properties and resort destinations</li>
<li><strong>Best Feature:</strong> Points + Money redemptions</li>
</ul>

<h3>World of Hyatt - The Boutique Choice</h3>
<p>Smaller portfolio but excellent value and service:</p>

<ul>
<li><strong>Earning Rate:</strong> 5 points per $1 spent</li>
<li><strong>Elite Benefits:</strong> Suite upgrades and club access</li>
<li><strong>Sweet Spots:</strong> Luxury properties and unique destinations</li>
<li><strong>Best Feature:</strong> Transferable from Chase Ultimate Rewards</li>
</ul>

<blockquote>""World of Hyatt consistently offers the best elite recognition and upgrade rates among major hotel chains.""</blockquote>

<h2>Earning Hotel Points Without Staying</h2>

<h3>Credit Card Partnerships</h3>
<p>Hotel credit cards often provide the fastest path to elite status:</p>

<ul>
<li><strong>Marriott Bonvoy Boundless:</strong> 15 elite qualifying nights annually</li>
<li><strong>Hilton Honors Surpass:</strong> 12 elite qualifying nights</li>
<li><strong>World of Hyatt Card:</strong> 5 elite qualifying nights</li>
</ul>

<h3>Dining and Shopping Programs</h3>
<p>Most chains offer dining and shopping portals for additional point earning:</p>

<ul>
<li>Marriott Bonvoy Dining: 3 points per $1 at participating restaurants</li>
<li>Hilton Honors Dining: 5 points per $1 spent</li>
<li>World of Hyatt Dining: 3 points per $1 spent</li>
</ul>

<h2>Elite Status Strategy</h2>

<h3>Status Matching Opportunities</h3>
<p>Many hotels offer status matching from competitors or other travel programs:</p>

<ul>
<li><strong>Hyatt:</strong> Most generous with matches from airline status</li>
<li><strong>Marriott:</strong> Selective matching, usually requires proof</li>
<li><strong>Hilton:</strong> Regular promotional matching periods</li>
</ul>

<h3>Fast-Track Elite Status</h3>
<p>Strategies to achieve elite status quickly:</p>

<ol>
<li><strong>Credit card benefits:</strong> Automatic elite nights</li>
<li><strong>Status challenges:</strong> Achieve status with fewer stays</li>
<li><strong>Double elite nights promotions:</strong> Time your stays strategically</li>
<li><strong>Mattress runs:</strong> Cheap stays solely for elite qualification</li>
</ol>

<h2>Maximizing Hotel Redemptions</h2>

<h3>Sweet Spot Awards</h3>
<p>Each program has categories that offer exceptional value:</p>

<h3>Marriott Bonvoy</h3>
<ul>
<li>Category 1-2 properties: 7,500-17,500 points</li>
<li>Off-peak pricing at luxury resorts</li>
<li>Fifth night free on award stays</li>
</ul>

<h3>Hilton Honors</h3>
<ul>
<li>Standard room awards at resort properties</li>
<li>Fifth night free benefit</li>
<li>Points + Money for premium rooms</li>
</ul>

<h3>World of Hyatt</h3>
<ul>
<li>Category 1-2 properties: 5,000-8,000 points</li>
<li>Luxury resort properties with consistent pricing</li>
<li>Suite upgrades for elite members</li>
</ul>

<h2>Common Hotel Loyalty Mistakes</h2>

<h3>Chasing Status Across Multiple Programs</h3>
<p>Focus your hotel stays with one primary chain to maximize elite benefits rather than spreading stays across multiple programs.</p>

<h3>Ignoring Revenue-Based Earning</h3>
<p>Higher-rate rooms earn more points per dollar. Sometimes it's worth paying slightly more for significantly more points.</p>

<h3>Not Utilizing Elite Benefits</h3>
<p>Many elite members don't take advantage of benefits like late checkout, room upgrades, and bonus points that can significantly enhance the travel experience.</p>"
airline-miles-transfer-guide,"Airline Miles Transfer Guide: Maximizing Flexible Points","Alex Morgan","2024-11-16","<h2>The Power of Transferable Points</h2>

<p>One of the most powerful aspects of premium travel rewards cards is the ability to transfer points to airline partners. This flexibility allows you to find the best award availability and pricing across multiple airlines and alliances.</p>

<h2>Major Transferable Points Programs</h2>

<h3>Chase Ultimate Rewards</h3>
<p>Chase offers 14 transfer partners with instant transfers:</p>

<h4>Airline Partners:</h4>
<ul>
<li>United MileagePlus (1:1 ratio)</li>
<li>Southwest Rapid Rewards (1:1 ratio)</li>
<li>British Airways Executive Club (1:1 ratio)</li>
<li>Air France-KLM Flying Blue (1:1 ratio)</li>
<li>Virgin Atlantic Flying Club (1:1 ratio)</li>
</ul>

<h4>Hotel Partners:</h4>
<ul>
<li>World of Hyatt (1:1 ratio)</li>
<li>Marriott Bonvoy (1:1 ratio)</li>
<li>IHG One Rewards (1:1 ratio)</li>
</ul>

<h3>American Express Membership Rewards</h3>
<p>Amex provides 21 transfer partners with varying ratios:</p>

<h4>Premium Airline Partners:</h4>
<ul>
<li>Delta SkyMiles (1:1 ratio)</li>
<li>All Nippon Airways (1:1 ratio)</li>
<li>Singapore Airlines KrisFlyer (1:1 ratio)</li>
<li>Cathay Pacific Asia Miles (1:1 ratio)</li>
<li>Air Canada Aeroplan (1:1 ratio)</li>
</ul>

<blockquote>""Strategic point transfers can reduce the cost of premium cabin flights by 50-70% compared to cash prices.""</blockquote>

<h2>Transfer Strategy Fundamentals</h2>

<h3>When to Transfer Points</h3>
<p>Only transfer points when you have a specific redemption in mind:</p>

<ol>
<li><strong>Find award availability first</strong></li>
<li><strong>Calculate the value</strong></li>
<li><strong>Hold the award if possible</strong></li>
<li><strong>Transfer points immediately before booking</strong></li>
</ol>

<h3>Transfer Timing Considerations</h3>
<ul>
<li><strong>Instant transfers:</strong> Chase, Amex, and Citi offer immediate transfers</li>
<li><strong>Delayed transfers:</strong> Some partners take 1-3 business days</li>
<li><strong>Transfer bonuses:</strong> Watch for promotional bonuses (typically 20-30%)</li>
</ul>

<h2>Sweet Spot Redemptions by Program</h2>

<h3>Chase Ultimate Rewards Sweet Spots</h3>

<h4>United MileagePlus</h4>
<ul>
<li><strong>Domestic economy:</strong> 12,500 miles each way</li>
<li><strong>Europe economy:</strong> 30,000 miles each way</li>
<li><strong>Japan business:</strong> 80,000 miles each way</li>
</ul>

<h4>British Airways Executive Club</h4>
<ul>
<li><strong>Short-haul flights:</strong> 7,500-10,000 Avios</li>
<li><strong>Domestic first class:</strong> 25,000 Avios</li>
<li><strong>Off-peak Europe business:</strong> 50,000 Avios</li>
</ul>

<h3>Amex Membership Rewards Sweet Spots</h3>

<h4>Air Canada Aeroplan</h4>
<ul>
<li><strong>Europe economy:</strong> 27,500 miles each way</li>
<li><strong>Asia business:</strong> 75,000 miles each way</li>
<li><strong>Round-the-world:</strong> 200,000 miles</li>
</ul>

<h4>Singapore Airlines KrisFlyer</h4>
<ul>
<li><strong>Premium economy to Asia:</strong> 53,000 miles</li>
<li><strong>Business class to Europe:</strong> 96,500 miles</li>
<li><strong>Suites to Asia:</strong> 192,000 miles</li>
</ul>

<h2>Advanced Transfer Strategies</h2>

<h3>Mixed Cabin Bookings</h3>
<p>Book economy for short segments and business/first for long segments to optimize mile usage.</p>

<h3>Stopover and Open-Jaw Rules</h3>
<p>Some programs allow free stopovers and open-jaws, effectively giving you multiple trips for one award.</p>

<h3>Partner Award Availability</h3>
<p>Different airlines release different amounts of award space to partners. Learn which partnerships offer the best availability.</p>

<h2>Avoiding Transfer Mistakes</h2>

<h3>Transferring Without Availability</h3>
<p><strong>Never transfer points speculatively.</strong> Always confirm award availability before transferring.</p>

<h3>Missing Transfer Bonuses</h3>
<p>Monitor transfer bonuses throughout the year. A 30% bonus can make marginal redemptions worthwhile.</p>

<h3>Ignoring Expiration Policies</h3>
<p>Transferred miles follow partner expiration rules, which may be less favorable than the original program.</p>

<h2>Tools for Transfer Success</h2>

<h3>Award Search Tools</h3>
<ul>
<li><strong>ExpertFlyer:</strong> Comprehensive award availability</li>
<li><strong>AwardHacker:</strong> Multi-program award comparison</li>
<li><strong>Airline websites:</strong> Direct search for partner awards</li>
</ul>

<h3>Calculation Tools</h3>
<ul>
<li><strong>Award pricing charts:</strong> Official airline charts</li>
<li><strong>Value calculators:</strong> Compare cash vs. award prices</li>
<li><strong>Transfer ratio charts:</strong> Quick reference guides</li>
</ul>"
business-credit-cards-guide,"Business Credit Cards: Maximizing Rewards for Entrepreneurs","Rachel Park","2024-11-13","<h2>Why Business Credit Cards Matter</h2>

<p>Business credit cards offer unique advantages that personal cards simply can't match. From higher earning rates on business categories to substantial welcome bonuses, they're essential tools for entrepreneurs looking to maximize their rewards while building business credit.</p>

<h2>Key Advantages of Business Cards</h2>

<h3>Separation of Personal and Business Expenses</h3>
<p>Keeping business and personal expenses separate is crucial for:</p>
<ul>
<li><strong>Tax preparation:</strong> Clear delineation of business expenses</li>
<li><strong>Accounting:</strong> Simplified bookkeeping and cash flow tracking</li>
<li><strong>Legal protection:</strong> Maintaining corporate liability protection</li>
<li><strong>Credit building:</strong> Building business credit separate from personal</li>
</ul>

<h3>Enhanced Earning Categories</h3>
<p>Business cards typically offer bonus rates on common business expenses:</p>
<ul>
<li>Office supplies and telecommunications</li>
<li>Shipping and advertising</li>
<li>Gas stations and automotive expenses</li>
<li>Business travel and dining</li>
</ul>

<blockquote>""Business credit cards can earn 3-5x points on categories where personal cards typically earn 1x.""</blockquote>

<h2>Top Business Credit Cards for 2024</h2>

<h3>Best Overall: Chase Ink Business Preferred</h3>
<p>The gold standard for business rewards:</p>
<ul>
<li><strong>Welcome bonus:</strong> 100,000 points after $15,000 spend</li>
<li><strong>Earning rates:</strong> 3x on travel, shipping, internet, cable, phone services (up to $150,000 annually)</li>
<li><strong>Annual fee:</strong> $95</li>
<li><strong>Best for:</strong> Service-based businesses with high communication expenses</li>
</ul>

<h3>Best for Cash Flow: Chase Ink Business Unlimited</h3>
<p>Simple earning structure with no category limits:</p>
<ul>
<li><strong>Welcome bonus:</strong> $750 cash back after $7,500 spend</li>
<li><strong>Earning rate:</strong> 1.5% cash back on all purchases</li>
<li><strong>Annual fee:</strong> $0</li>
<li><strong>Best for:</strong> Businesses wanting simplicity without category management</li>
</ul>

<h3>Best for Office Expenses: Chase Ink Business Cash</h3>
<p>Maximum returns on office categories:</p>
<ul>
<li><strong>Welcome bonus:</strong> $750 cash back after $7,500 spend</li>
<li><strong>Earning rates:</strong> 5% on office supplies, internet, cable, phone (up to $25,000 annually)</li>
<li><strong>Annual fee:</strong> $0</li>
<li><strong>Best for:</strong> Businesses with significant office supply and telecom expenses</li>
</ul>

<h2>Qualification Requirements</h2>

<h3>What Counts as a Business?</h3>
<p>You don't need a formal corporation to qualify for business cards:</p>
<ul>
<li><strong>Sole proprietorship:</strong> Freelancing, consulting, or selling items online</li>
<li><strong>Side hustles:</strong> Uber driving, Airbnb hosting, crafts sales</li>
<li><strong>Future business:</strong> Plans to start a business in the near future</li>
<li><strong>Household business:</strong> Managing rental properties or family finances</li>
</ul>

<h3>Application Tips</h3>
<ul>
<li><strong>Use your SSN:</strong> Most sole proprietors can use their Social Security Number as their Tax ID</li>
<li><strong>Revenue estimates:</strong> Be realistic but don't underestimate your business income</li>
<li><strong>Business name:</strong> Use your legal name for sole proprietorships</li>
<li><strong>Time in business:</strong> Include planning time if you're just starting</li>
</ul>

<h2>Maximizing Business Card Strategy</h2>

<h3>The Business Card Stack</h3>
<p>Optimize your business spending across multiple cards:</p>

<ol>
<li><strong>Primary card:</strong> High-rate general spending (Chase Ink Unlimited)</li>
<li><strong>Category card:</strong> Bonus categories (Chase Ink Cash for office supplies)</li>
<li><strong>Travel card:</strong> Business travel expenses (Chase Ink Preferred)</li>
<li><strong>No foreign fee card:</strong> International business expenses</li>
</ol>

<h3>Expense Category Optimization</h3>
<p>Map your business expenses to the highest earning cards:</p>

<h4>Office Supplies & Telecom (5% cards)</h4>
<ul>
<li>Computer equipment and software</li>
<li>Phone and internet bills</li>
<li>Office furniture and supplies</li>
<li>Printing and shipping materials</li>
</ul>

<h4>Travel & Dining (3-4x cards)</h4>
<ul>
<li>Client meetings and business meals</li>
<li>Conference and trade show expenses</li>
<li>Business travel and hotels</li>
<li>Transportation and car rentals</li>
</ul>

<h2>Business Card Mistakes to Avoid</h2>

<h3>Mixing Personal and Business Expenses</h3>
<p>Using business cards for personal expenses can:</p>
<ul>
<li>Complicate tax preparation</li>
<li>Jeopardize liability protection</li>
<li>Trigger IRS scrutiny</li>
<li>Violate card terms and conditions</li>
</ul>

<h3>Neglecting Credit Building</h3>
<p>Business cards can help build business credit when you:</p>
<ul>
<li>Register with business credit bureaus</li>
<li>Pay balances in full and on time</li>
<li>Keep utilization low</li>
<li>Monitor your business credit reports</li>
</ul>

<h3>Ignoring Expense Tracking</h3>
<p>Implement
